{
    "chronos_t5": {
        "lr": 0.00010502105436744271,
        "batch_size": 16,
        "epochs": 3
    },
    "chronos_bolt": {
        "lr": 4.3284502212938785e-05,
        "batch_size": 4,
        "epochs": 13
    },
    "timesfm1": {
        "lr": 8.168455894760161e-05,
        "batch_size": 4,
        "epochs": 3
    },
    "timesfm2": {
        "lr": 0.00012399967836846095,
        "batch_size": 8,
        "epochs": 14
    }
}